input,block1,block2,block3,kpack,matrix_instr_nonkdim,num_stages,num_warps,waves_per_eu,timing
[('cuda' 'torch.bfloat16' 7456 2048 2048 1 0) ('cuda' 'torch.bfloat16' 2048 512 1 2048 0)],32,16,32,2,0,2,2,0,0.1906830072402954
[('cuda' 'torch.bfloat16' 7456 2048 2048 1 0) ('cuda' 'torch.bfloat16' 2048 512 1 2048 0)],32,16,32,2,16,2,2,0,0.1626020073890686
[('cuda' 'torch.bfloat16' 7456 2048 2048 1 0) ('cuda' 'torch.bfloat16' 2048 512 1 2048 0)],32,128,32,2,0,2,4,0,0.1396069973707199
[('cuda' 'torch.bfloat16' 7456 2048 2048 1 0) ('cuda' 'torch.bfloat16' 2048 512 1 2048 0)],32,128,32,2,16,2,4,0,0.07915700227022171
[('cuda' 'torch.bfloat16' 7456 2048 2048 1 0) ('cuda' 'torch.bfloat16' 2048 512 1 2048 0)],32,32,64,2,0,2,8,0,0.23494799435138702
[('cuda' 'torch.bfloat16' 7456 2048 2048 1 0) ('cuda' 'torch.bfloat16' 2048 512 1 2048 0)],32,32,64,2,16,2,8,0,0.0994269996881485
[('cuda' 'torch.bfloat16' 7456 2048 2048 1 0) ('cuda' 'torch.bfloat16' 2048 512 1 2048 0)],64,32,32,2,0,2,8,0,0.1557909995317459
[('cuda' 'torch.bfloat16' 7456 2048 2048 1 0) ('cuda' 'torch.bfloat16' 2048 512 1 2048 0)],64,32,32,2,16,2,8,0,0.09922699630260468
[('cuda' 'torch.bfloat16' 7456 2048 2048 1 0) ('cuda' 'torch.bfloat16' 2048 512 1 2048 0)],64,128,32,2,0,2,4,0,0.0973839983344078
[('cuda' 'torch.bfloat16' 7456 2048 2048 1 0) ('cuda' 'torch.bfloat16' 2048 512 1 2048 0)],64,128,32,2,16,2,4,0,0.06946299970149994
[('cuda' 'torch.bfloat16' 7456 2048 2048 1 0) ('cuda' 'torch.bfloat16' 2048 512 1 2048 0)],64,16,64,2,0,2,4,0,0.11609199643135071
[('cuda' 'torch.bfloat16' 7456 2048 2048 1 0) ('cuda' 'torch.bfloat16' 2048 512 1 2048 0)],64,16,64,2,16,2,4,0,0.10912200063467026
[('cuda' 'torch.bfloat16' 7456 2048 2048 1 0) ('cuda' 'torch.bfloat16' 2048 512 1 2048 0)],64,32,64,2,0,2,4,0,0.07442999631166458
[('cuda' 'torch.bfloat16' 7456 2048 2048 1 0) ('cuda' 'torch.bfloat16' 2048 512 1 2048 0)],64,32,64,2,16,2,4,0,0.06946299970149994
[('cuda' 'torch.bfloat16' 7456 2048 2048 1 0) ('cuda' 'torch.bfloat16' 2048 512 1 2048 0)],64,64,64,2,0,2,8,0,0.08648800104856491
[('cuda' 'torch.bfloat16' 7456 2048 2048 1 0) ('cuda' 'torch.bfloat16' 2048 512 1 2048 0)],64,64,64,2,16,2,8,0,0.06305299699306488
[('cuda' 'torch.bfloat16' 7456 2048 2048 1 0) ('cuda' 'torch.bfloat16' 2048 512 1 2048 0)],64,128,64,2,0,2,4,0,0.06862200051546097
[('cuda' 'torch.bfloat16' 7456 2048 2048 1 0) ('cuda' 'torch.bfloat16' 2048 512 1 2048 0)],64,128,64,2,16,2,4,0,0.05784500017762184
[('cuda' 'torch.bfloat16' 7456 2048 2048 1 0) ('cuda' 'torch.bfloat16' 2048 512 1 2048 0)],64,32,128,2,0,2,4,0,0.05876699835062027
[('cuda' 'torch.bfloat16' 7456 2048 2048 1 0) ('cuda' 'torch.bfloat16' 2048 512 1 2048 0)],64,32,128,2,16,2,4,0,0.05500200018286705
[('cuda' 'torch.bfloat16' 7456 2048 2048 1 0) ('cuda' 'torch.bfloat16' 2048 512 1 2048 0)],64,32,128,2,0,2,8,0,0.0723470002412796
[('cuda' 'torch.bfloat16' 7456 2048 2048 1 0) ('cuda' 'torch.bfloat16' 2048 512 1 2048 0)],64,32,128,2,16,2,8,0,0.06738000363111496
[('cuda' 'torch.bfloat16' 7456 2048 2048 1 0) ('cuda' 'torch.bfloat16' 2048 512 1 2048 0)],64,64,128,2,0,2,4,0,0.0495930016040802
[('cuda' 'torch.bfloat16' 7456 2048 2048 1 0) ('cuda' 'torch.bfloat16' 2048 512 1 2048 0)],64,64,128,2,16,2,4,0,0.04510600119829178
[('cuda' 'torch.bfloat16' 7456 2048 2048 1 0) ('cuda' 'torch.bfloat16' 2048 512 1 2048 0)],64,128,128,2,0,2,4,0,0.07050400227308273
[('cuda' 'torch.bfloat16' 7456 2048 2048 1 0) ('cuda' 'torch.bfloat16' 2048 512 1 2048 0)],64,128,128,2,16,2,4,0,0.0652960017323494
[('cuda' 'torch.bfloat16' 7456 2048 2048 1 0) ('cuda' 'torch.bfloat16' 2048 512 1 2048 0)],128,32,64,2,0,2,4,0,0.06257300078868866
[('cuda' 'torch.bfloat16' 7456 2048 2048 1 0) ('cuda' 'torch.bfloat16' 2048 512 1 2048 0)],128,32,64,2,16,2,4,0,0.05652400106191635
[('cuda' 'torch.bfloat16' 7456 2048 2048 1 0) ('cuda' 'torch.bfloat16' 2048 512 1 2048 0)],128,32,64,2,0,2,8,0,0.07543200254440308
[('cuda' 'torch.bfloat16' 7456 2048 2048 1 0) ('cuda' 'torch.bfloat16' 2048 512 1 2048 0)],128,32,64,2,16,2,8,0,0.0675399973988533
[('cuda' 'torch.bfloat16' 7456 2048 2048 1 0) ('cuda' 'torch.bfloat16' 2048 512 1 2048 0)],128,32,128,2,0,2,8,0,0.06437499821186066
[('cuda' 'torch.bfloat16' 7456 2048 2048 1 0) ('cuda' 'torch.bfloat16' 2048 512 1 2048 0)],128,32,128,2,16,2,8,0,0.05960800126194954
[('cuda' 'torch.bfloat16' 7456 2048 2048 1 0) ('cuda' 'torch.bfloat16' 2048 512 1 2048 0)],128,32,128,2,0,2,4,0,0.06497599929571152
[('cuda' 'torch.bfloat16' 7456 2048 2048 1 0) ('cuda' 'torch.bfloat16' 2048 512 1 2048 0)],128,32,128,2,16,2,4,0,0.05840599909424782
[('cuda' 'torch.bfloat16' 7456 2048 2048 1 0) ('cuda' 'torch.bfloat16' 2048 512 1 2048 0)],128,64,128,2,0,2,4,0,0.05676399916410446
[('cuda' 'torch.bfloat16' 7456 2048 2048 1 0) ('cuda' 'torch.bfloat16' 2048 512 1 2048 0)],128,64,128,2,16,2,4,0,0.05091499909758568
[('cuda' 'torch.bfloat16' 7456 2048 2048 1 0) ('cuda' 'torch.bfloat16' 2048 512 1 2048 0)],128,64,128,2,0,2,8,0,0.05339900031685829
[('cuda' 'torch.bfloat16' 7456 2048 2048 1 0) ('cuda' 'torch.bfloat16' 2048 512 1 2048 0)],128,64,128,2,16,2,8,0,0.053238000720739365
[('cuda' 'torch.bfloat16' 7456 512 512 1 0) ('cuda' 'torch.bfloat16' 512 2048 1 512 0)],32,16,32,2,0,2,2,0,0.1742980033159256
[('cuda' 'torch.bfloat16' 7456 512 512 1 0) ('cuda' 'torch.bfloat16' 512 2048 1 512 0)],32,16,32,2,16,2,2,0,0.14305199682712555
[('cuda' 'torch.bfloat16' 7456 512 512 1 0) ('cuda' 'torch.bfloat16' 512 2048 1 512 0)],32,128,32,2,0,2,4,0,0.14457400143146515
[('cuda' 'torch.bfloat16' 7456 512 512 1 0) ('cuda' 'torch.bfloat16' 512 2048 1 512 0)],32,128,32,2,16,2,4,0,0.0784360021352768
[('cuda' 'torch.bfloat16' 7456 512 512 1 0) ('cuda' 'torch.bfloat16' 512 2048 1 512 0)],32,32,64,2,0,2,8,0,0.21688100695610046
[('cuda' 'torch.bfloat16' 7456 512 512 1 0) ('cuda' 'torch.bfloat16' 512 2048 1 512 0)],32,32,64,2,16,2,8,0,0.08236300200223923
[('cuda' 'torch.bfloat16' 7456 512 512 1 0) ('cuda' 'torch.bfloat16' 512 2048 1 512 0)],64,32,32,2,0,2,8,0,0.1411689966917038
[('cuda' 'torch.bfloat16' 7456 512 512 1 0) ('cuda' 'torch.bfloat16' 512 2048 1 512 0)],64,32,32,2,16,2,8,0,0.08809100091457367
[('cuda' 'torch.bfloat16' 7456 512 512 1 0) ('cuda' 'torch.bfloat16' 512 2048 1 512 0)],64,128,32,2,0,2,4,0,0.10147099941968918
[('cuda' 'torch.bfloat16' 7456 512 512 1 0) ('cuda' 'torch.bfloat16' 512 2048 1 512 0)],64,128,32,2,16,2,4,0,0.07238700240850449
[('cuda' 'torch.bfloat16' 7456 512 512 1 0) ('cuda' 'torch.bfloat16' 512 2048 1 512 0)],64,16,64,2,0,2,4,0,0.11176600307226181
[('cuda' 'torch.bfloat16' 7456 512 512 1 0) ('cuda' 'torch.bfloat16' 512 2048 1 512 0)],64,16,64,2,16,2,4,0,0.10439500212669373
[('cuda' 'torch.bfloat16' 7456 512 512 1 0) ('cuda' 'torch.bfloat16' 512 2048 1 512 0)],64,32,64,2,0,2,4,0,0.07679300010204315
[('cuda' 'torch.bfloat16' 7456 512 512 1 0) ('cuda' 'torch.bfloat16' 512 2048 1 512 0)],64,32,64,2,16,2,4,0,0.06701900064945221
[('cuda' 'torch.bfloat16' 7456 512 512 1 0) ('cuda' 'torch.bfloat16' 512 2048 1 512 0)],64,64,64,2,0,2,8,0,0.08280300348997116
[('cuda' 'torch.bfloat16' 7456 512 512 1 0) ('cuda' 'torch.bfloat16' 512 2048 1 512 0)],64,64,64,2,16,2,8,0,0.05424100160598755
[('cuda' 'torch.bfloat16' 7456 512 512 1 0) ('cuda' 'torch.bfloat16' 512 2048 1 512 0)],64,128,64,2,0,2,4,0,0.07238700240850449
[('cuda' 'torch.bfloat16' 7456 512 512 1 0) ('cuda' 'torch.bfloat16' 512 2048 1 512 0)],64,128,64,2,16,2,4,0,0.059007998555898666
[('cuda' 'torch.bfloat16' 7456 512 512 1 0) ('cuda' 'torch.bfloat16' 512 2048 1 512 0)],64,32,128,2,0,2,4,0,0.0660180002450943
[('cuda' 'torch.bfloat16' 7456 512 512 1 0) ('cuda' 'torch.bfloat16' 512 2048 1 512 0)],64,32,128,2,16,2,4,0,0.05856600031256676
[('cuda' 'torch.bfloat16' 7456 512 512 1 0) ('cuda' 'torch.bfloat16' 512 2048 1 512 0)],64,32,128,2,0,2,8,0,0.06782100349664688
[('cuda' 'torch.bfloat16' 7456 512 512 1 0) ('cuda' 'torch.bfloat16' 512 2048 1 512 0)],64,32,128,2,16,2,8,0,0.05896700173616409
[('cuda' 'torch.bfloat16' 7456 512 512 1 0) ('cuda' 'torch.bfloat16' 512 2048 1 512 0)],64,64,128,2,0,2,4,0,0.0642549991607666
[('cuda' 'torch.bfloat16' 7456 512 512 1 0) ('cuda' 'torch.bfloat16' 512 2048 1 512 0)],64,64,128,2,16,2,4,0,0.053679000586271286
[('cuda' 'torch.bfloat16' 7456 512 512 1 0) ('cuda' 'torch.bfloat16' 512 2048 1 512 0)],64,128,128,2,0,2,4,0,0.07623299956321716
[('cuda' 'torch.bfloat16' 7456 512 512 1 0) ('cuda' 'torch.bfloat16' 512 2048 1 512 0)],64,128,128,2,16,2,4,0,0.06557700037956238
[('cuda' 'torch.bfloat16' 7456 512 512 1 0) ('cuda' 'torch.bfloat16' 512 2048 1 512 0)],128,32,64,2,0,2,4,0,0.0715859979391098
[('cuda' 'torch.bfloat16' 7456 512 512 1 0) ('cuda' 'torch.bfloat16' 512 2048 1 512 0)],128,32,64,2,16,2,4,0,0.057043999433517456
[('cuda' 'torch.bfloat16' 7456 512 512 1 0) ('cuda' 'torch.bfloat16' 512 2048 1 512 0)],128,32,64,2,0,2,8,0,0.07455000281333923
[('cuda' 'torch.bfloat16' 7456 512 512 1 0) ('cuda' 'torch.bfloat16' 512 2048 1 512 0)],128,32,64,2,16,2,8,0,0.05884699895977974
[('cuda' 'torch.bfloat16' 7456 512 512 1 0) ('cuda' 'torch.bfloat16' 512 2048 1 512 0)],128,32,128,2,0,2,8,0,0.06649799644947052
[('cuda' 'torch.bfloat16' 7456 512 512 1 0) ('cuda' 'torch.bfloat16' 512 2048 1 512 0)],128,32,128,2,16,2,8,0,0.05712499842047691
[('cuda' 'torch.bfloat16' 7456 512 512 1 0) ('cuda' 'torch.bfloat16' 512 2048 1 512 0)],128,32,128,2,0,2,4,0,0.07218699902296066
[('cuda' 'torch.bfloat16' 7456 512 512 1 0) ('cuda' 'torch.bfloat16' 512 2048 1 512 0)],128,32,128,2,16,2,4,0,0.056283000856637955
[('cuda' 'torch.bfloat16' 7456 512 512 1 0) ('cuda' 'torch.bfloat16' 512 2048 1 512 0)],128,64,128,2,0,2,4,0,0.06810099631547928
[('cuda' 'torch.bfloat16' 7456 512 512 1 0) ('cuda' 'torch.bfloat16' 512 2048 1 512 0)],128,64,128,2,16,2,4,0,0.04759100079536438
[('cuda' 'torch.bfloat16' 7456 512 512 1 0) ('cuda' 'torch.bfloat16' 512 2048 1 512 0)],128,64,128,2,0,2,8,0,0.06417500227689743
[('cuda' 'torch.bfloat16' 7456 512 512 1 0) ('cuda' 'torch.bfloat16' 512 2048 1 512 0)],128,64,128,2,16,2,8,0,0.051917001605033875
[('cuda' 'torch.bfloat16' 512 7456 1 512 0) ('cuda' 'torch.bfloat16' 7456 2048 2048 1 0)],32,16,32,2,0,2,2,0,0.15446899831295013
[('cuda' 'torch.bfloat16' 512 7456 1 512 0) ('cuda' 'torch.bfloat16' 7456 2048 2048 1 0)],32,16,32,2,16,2,2,0,0.14425399899482727
[('cuda' 'torch.bfloat16' 512 7456 1 512 0) ('cuda' 'torch.bfloat16' 7456 2048 2048 1 0)],32,128,32,2,0,2,4,0,0.24428200721740723
[('cuda' 'torch.bfloat16' 512 7456 1 512 0) ('cuda' 'torch.bfloat16' 7456 2048 2048 1 0)],32,128,32,2,16,2,4,0,0.17610099911689758
[('cuda' 'torch.bfloat16' 512 7456 1 512 0) ('cuda' 'torch.bfloat16' 7456 2048 2048 1 0)],32,32,64,2,0,2,8,0,0.33401501178741455
[('cuda' 'torch.bfloat16' 512 7456 1 512 0) ('cuda' 'torch.bfloat16' 7456 2048 2048 1 0)],32,32,64,2,16,2,8,0,0.16456399857997894
[('cuda' 'torch.bfloat16' 512 7456 1 512 0) ('cuda' 'torch.bfloat16' 7456 2048 2048 1 0)],64,32,32,2,0,2,8,0,0.20955100655555725
[('cuda' 'torch.bfloat16' 512 7456 1 512 0) ('cuda' 'torch.bfloat16' 7456 2048 2048 1 0)],64,32,32,2,16,2,8,0,0.16031800210475922
[('cuda' 'torch.bfloat16' 512 7456 1 512 0) ('cuda' 'torch.bfloat16' 7456 2048 2048 1 0)],64,128,32,2,0,2,4,0,0.12838999927043915
[('cuda' 'torch.bfloat16' 512 7456 1 512 0) ('cuda' 'torch.bfloat16' 7456 2048 2048 1 0)],64,128,32,2,16,2,4,0,0.13351799547672272
[('cuda' 'torch.bfloat16' 512 7456 1 512 0) ('cuda' 'torch.bfloat16' 7456 2048 2048 1 0)],64,16,64,2,0,2,4,0,0.20530399680137634
[('cuda' 'torch.bfloat16' 512 7456 1 512 0) ('cuda' 'torch.bfloat16' 7456 2048 2048 1 0)],64,16,64,2,16,2,4,0,0.2155199944972992
[('cuda' 'torch.bfloat16' 512 7456 1 512 0) ('cuda' 'torch.bfloat16' 7456 2048 2048 1 0)],64,32,64,2,0,2,4,0,0.12382400035858154
[('cuda' 'torch.bfloat16' 512 7456 1 512 0) ('cuda' 'torch.bfloat16' 7456 2048 2048 1 0)],64,32,64,2,16,2,4,0,0.14261099696159363
[('cuda' 'torch.bfloat16' 512 7456 1 512 0) ('cuda' 'torch.bfloat16' 7456 2048 2048 1 0)],64,64,64,2,0,2,8,0,0.12238100171089172
[('cuda' 'torch.bfloat16' 512 7456 1 512 0) ('cuda' 'torch.bfloat16' 7456 2048 2048 1 0)],64,64,64,2,16,2,8,0,0.12366300076246262
[('cuda' 'torch.bfloat16' 512 7456 1 512 0) ('cuda' 'torch.bfloat16' 7456 2048 2048 1 0)],64,128,64,2,0,2,4,0,0.09337899833917618
[('cuda' 'torch.bfloat16' 512 7456 1 512 0) ('cuda' 'torch.bfloat16' 7456 2048 2048 1 0)],64,128,64,2,16,2,4,0,0.11689399927854538
[('cuda' 'torch.bfloat16' 512 7456 1 512 0) ('cuda' 'torch.bfloat16' 7456 2048 2048 1 0)],64,32,128,2,0,2,4,0,0.14810000360012054
[('cuda' 'torch.bfloat16' 512 7456 1 512 0) ('cuda' 'torch.bfloat16' 7456 2048 2048 1 0)],64,32,128,2,16,2,4,0,0.17978699505329132
[('cuda' 'torch.bfloat16' 512 7456 1 512 0) ('cuda' 'torch.bfloat16' 7456 2048 2048 1 0)],64,32,128,2,0,2,8,0,0.11424999684095383
[('cuda' 'torch.bfloat16' 512 7456 1 512 0) ('cuda' 'torch.bfloat16' 7456 2048 2048 1 0)],64,32,128,2,16,2,8,0,0.1636430025100708
[('cuda' 'torch.bfloat16' 512 7456 1 512 0) ('cuda' 'torch.bfloat16' 7456 2048 2048 1 0)],64,64,128,2,0,2,4,0,0.12955200672149658
[('cuda' 'torch.bfloat16' 512 7456 1 512 0) ('cuda' 'torch.bfloat16' 7456 2048 2048 1 0)],64,64,128,2,16,2,4,0,0.1674090027809143
[('cuda' 'torch.bfloat16' 512 7456 1 512 0) ('cuda' 'torch.bfloat16' 7456 2048 2048 1 0)],64,128,128,2,0,2,4,0,0.1333180069923401
[('cuda' 'torch.bfloat16' 512 7456 1 512 0) ('cuda' 'torch.bfloat16' 7456 2048 2048 1 0)],64,128,128,2,16,2,4,0,0.1737380027770996
[('cuda' 'torch.bfloat16' 512 7456 1 512 0) ('cuda' 'torch.bfloat16' 7456 2048 2048 1 0)],128,32,64,2,0,2,4,0,0.13996799290180206
[('cuda' 'torch.bfloat16' 512 7456 1 512 0) ('cuda' 'torch.bfloat16' 7456 2048 2048 1 0)],128,32,64,2,16,2,4,0,0.16888999938964844
[('cuda' 'torch.bfloat16' 512 7456 1 512 0) ('cuda' 'torch.bfloat16' 7456 2048 2048 1 0)],128,32,64,2,0,2,8,0,0.11452999711036682
[('cuda' 'torch.bfloat16' 512 7456 1 512 0) ('cuda' 'torch.bfloat16' 7456 2048 2048 1 0)],128,32,64,2,16,2,8,0,0.1611189991235733
[('cuda' 'torch.bfloat16' 512 7456 1 512 0) ('cuda' 'torch.bfloat16' 7456 2048 2048 1 0)],128,32,128,2,0,2,8,0,0.15887600183486938
[('cuda' 'torch.bfloat16' 512 7456 1 512 0) ('cuda' 'torch.bfloat16' 7456 2048 2048 1 0)],128,32,128,2,16,2,8,0,0.22453300654888153
[('cuda' 'torch.bfloat16' 512 7456 1 512 0) ('cuda' 'torch.bfloat16' 7456 2048 2048 1 0)],128,32,128,2,0,2,4,0,0.17926600575447083
[('cuda' 'torch.bfloat16' 512 7456 1 512 0) ('cuda' 'torch.bfloat16' 7456 2048 2048 1 0)],128,32,128,2,16,2,4,0,0.226174995303154
[('cuda' 'torch.bfloat16' 512 7456 1 512 0) ('cuda' 'torch.bfloat16' 7456 2048 2048 1 0)],128,64,128,2,0,2,4,0,0.18831899762153625
[('cuda' 'torch.bfloat16' 512 7456 1 512 0) ('cuda' 'torch.bfloat16' 7456 2048 2048 1 0)],128,64,128,2,16,2,4,0,0.23763300478458405
[('cuda' 'torch.bfloat16' 512 7456 1 512 0) ('cuda' 'torch.bfloat16' 7456 2048 2048 1 0)],128,64,128,2,0,2,8,0,0.1714940071105957
[('cuda' 'torch.bfloat16' 512 7456 1 512 0) ('cuda' 'torch.bfloat16' 7456 2048 2048 1 0)],128,64,128,2,16,2,8,0,0.2501699924468994
[('cuda' 'torch.bfloat16' 512 7456 7488 1 0) ('cuda' 'torch.bfloat16' 7456 2048 2048 1 0)],32,16,32,2,0,2,2,0,0.13263599574565887
[('cuda' 'torch.bfloat16' 512 7456 7488 1 0) ('cuda' 'torch.bfloat16' 7456 2048 2048 1 0)],32,16,32,2,16,2,2,0,0.11589200049638748
[('cuda' 'torch.bfloat16' 512 7456 7488 1 0) ('cuda' 'torch.bfloat16' 7456 2048 2048 1 0)],32,128,32,2,0,2,4,0,0.21519899368286133
[('cuda' 'torch.bfloat16' 512 7456 7488 1 0) ('cuda' 'torch.bfloat16' 7456 2048 2048 1 0)],32,128,32,2,16,2,4,0,0.14044800400733948
[('cuda' 'torch.bfloat16' 512 7456 7488 1 0) ('cuda' 'torch.bfloat16' 7456 2048 2048 1 0)],32,32,64,2,0,2,8,0,0.299003005027771
[('cuda' 'torch.bfloat16' 512 7456 7488 1 0) ('cuda' 'torch.bfloat16' 7456 2048 2048 1 0)],32,32,64,2,16,2,8,0,0.13367800414562225
[('cuda' 'torch.bfloat16' 512 7456 7488 1 0) ('cuda' 'torch.bfloat16' 7456 2048 2048 1 0)],64,32,32,2,0,2,8,0,0.1881989985704422
[('cuda' 'torch.bfloat16' 512 7456 7488 1 0) ('cuda' 'torch.bfloat16' 7456 2048 2048 1 0)],64,32,32,2,16,2,8,0,0.1289909929037094
[('cuda' 'torch.bfloat16' 512 7456 7488 1 0) ('cuda' 'torch.bfloat16' 7456 2048 2048 1 0)],64,128,32,2,0,2,4,0,0.11605200171470642
[('cuda' 'torch.bfloat16' 512 7456 7488 1 0) ('cuda' 'torch.bfloat16' 7456 2048 2048 1 0)],64,128,32,2,16,2,4,0,0.09277799725532532
[('cuda' 'torch.bfloat16' 512 7456 7488 1 0) ('cuda' 'torch.bfloat16' 7456 2048 2048 1 0)],64,16,64,2,0,2,4,0,0.19288599491119385
[('cuda' 'torch.bfloat16' 512 7456 7488 1 0) ('cuda' 'torch.bfloat16' 7456 2048 2048 1 0)],64,16,64,2,16,2,4,0,0.19128400087356567
[('cuda' 'torch.bfloat16' 512 7456 7488 1 0) ('cuda' 'torch.bfloat16' 7456 2048 2048 1 0)],64,32,64,2,0,2,4,0,0.11392900347709656
[('cuda' 'torch.bfloat16' 512 7456 7488 1 0) ('cuda' 'torch.bfloat16' 7456 2048 2048 1 0)],64,32,64,2,16,2,4,0,0.12206099927425385
[('cuda' 'torch.bfloat16' 512 7456 7488 1 0) ('cuda' 'torch.bfloat16' 7456 2048 2048 1 0)],64,64,64,2,0,2,8,0,0.10567600280046463
[('cuda' 'torch.bfloat16' 512 7456 7488 1 0) ('cuda' 'torch.bfloat16' 7456 2048 2048 1 0)],64,64,64,2,16,2,8,0,0.0817210003733635
[('cuda' 'torch.bfloat16' 512 7456 7488 1 0) ('cuda' 'torch.bfloat16' 7456 2048 2048 1 0)],64,128,64,2,0,2,4,0,0.08885200321674347
[('cuda' 'torch.bfloat16' 512 7456 7488 1 0) ('cuda' 'torch.bfloat16' 7456 2048 2048 1 0)],64,128,64,2,16,2,4,0,0.09526100009679794
[('cuda' 'torch.bfloat16' 512 7456 7488 1 0) ('cuda' 'torch.bfloat16' 7456 2048 2048 1 0)],64,32,128,2,0,2,4,0,0.131073996424675
[('cuda' 'torch.bfloat16' 512 7456 7488 1 0) ('cuda' 'torch.bfloat16' 7456 2048 2048 1 0)],64,32,128,2,16,2,4,0,0.13780400156974792
[('cuda' 'torch.bfloat16' 512 7456 7488 1 0) ('cuda' 'torch.bfloat16' 7456 2048 2048 1 0)],64,32,128,2,0,2,8,0,0.10203199833631516
[('cuda' 'torch.bfloat16' 512 7456 7488 1 0) ('cuda' 'torch.bfloat16' 7456 2048 2048 1 0)],64,32,128,2,16,2,8,0,0.12486600130796432
[('cuda' 'torch.bfloat16' 512 7456 7488 1 0) ('cuda' 'torch.bfloat16' 7456 2048 2048 1 0)],64,64,128,2,0,2,4,0,0.10812000185251236
[('cuda' 'torch.bfloat16' 512 7456 7488 1 0) ('cuda' 'torch.bfloat16' 7456 2048 2048 1 0)],64,64,128,2,16,2,4,0,0.11741399765014648
[('cuda' 'torch.bfloat16' 512 7456 7488 1 0) ('cuda' 'torch.bfloat16' 7456 2048 2048 1 0)],64,128,128,2,0,2,4,0,0.10759899765253067
[('cuda' 'torch.bfloat16' 512 7456 7488 1 0) ('cuda' 'torch.bfloat16' 7456 2048 2048 1 0)],64,128,128,2,16,2,4,0,0.12302199751138687
[('cuda' 'torch.bfloat16' 512 7456 7488 1 0) ('cuda' 'torch.bfloat16' 7456 2048 2048 1 0)],128,32,64,2,0,2,4,0,0.12041900306940079
[('cuda' 'torch.bfloat16' 512 7456 7488 1 0) ('cuda' 'torch.bfloat16' 7456 2048 2048 1 0)],128,32,64,2,16,2,4,0,0.12686799466609955
[('cuda' 'torch.bfloat16' 512 7456 7488 1 0) ('cuda' 'torch.bfloat16' 7456 2048 2048 1 0)],128,32,64,2,0,2,8,0,0.1021910011768341
[('cuda' 'torch.bfloat16' 512 7456 7488 1 0) ('cuda' 'torch.bfloat16' 7456 2048 2048 1 0)],128,32,64,2,16,2,8,0,0.12386400252580643
[('cuda' 'torch.bfloat16' 512 7456 7488 1 0) ('cuda' 'torch.bfloat16' 7456 2048 2048 1 0)],128,32,128,2,0,2,8,0,0.1254660040140152
[('cuda' 'torch.bfloat16' 512 7456 7488 1 0) ('cuda' 'torch.bfloat16' 7456 2048 2048 1 0)],128,32,128,2,16,2,8,0,0.15174500644207
[('cuda' 'torch.bfloat16' 512 7456 7488 1 0) ('cuda' 'torch.bfloat16' 7456 2048 2048 1 0)],128,32,128,2,0,2,4,0,0.15206600725650787
[('cuda' 'torch.bfloat16' 512 7456 7488 1 0) ('cuda' 'torch.bfloat16' 7456 2048 2048 1 0)],128,32,128,2,16,2,4,0,0.1744990050792694
[('cuda' 'torch.bfloat16' 512 7456 7488 1 0) ('cuda' 'torch.bfloat16' 7456 2048 2048 1 0)],128,64,128,2,0,2,4,0,0.16556499898433685
[('cuda' 'torch.bfloat16' 512 7456 7488 1 0) ('cuda' 'torch.bfloat16' 7456 2048 2048 1 0)],128,64,128,2,16,2,4,0,0.1882389932870865
[('cuda' 'torch.bfloat16' 512 7456 7488 1 0) ('cuda' 'torch.bfloat16' 7456 2048 2048 1 0)],128,64,128,2,0,2,8,0,0.14229099452495575
[('cuda' 'torch.bfloat16' 512 7456 7488 1 0) ('cuda' 'torch.bfloat16' 7456 2048 2048 1 0)],128,64,128,2,16,2,8,0,0.1679690033197403
[('cuda' 'torch.bfloat16' 2048 7456 1 2048 0) ('cuda' 'torch.bfloat16' 7456 512 512 1 0)],32,16,32,2,0,2,2,0,0.1583549976348877
[('cuda' 'torch.bfloat16' 2048 7456 1 2048 0) ('cuda' 'torch.bfloat16' 7456 512 512 1 0)],32,16,32,2,16,2,2,0,0.13548099994659424
[('cuda' 'torch.bfloat16' 2048 7456 1 2048 0) ('cuda' 'torch.bfloat16' 7456 512 512 1 0)],32,128,32,2,0,2,4,0,0.22373099625110626
[('cuda' 'torch.bfloat16' 2048 7456 1 2048 0) ('cuda' 'torch.bfloat16' 7456 512 512 1 0)],32,128,32,2,16,2,4,0,0.17397800087928772
[('cuda' 'torch.bfloat16' 2048 7456 1 2048 0) ('cuda' 'torch.bfloat16' 7456 512 512 1 0)],32,32,64,2,0,2,8,0,0.32616400718688965
[('cuda' 'torch.bfloat16' 2048 7456 1 2048 0) ('cuda' 'torch.bfloat16' 7456 512 512 1 0)],32,32,64,2,16,2,8,0,0.16019700467586517
[('cuda' 'torch.bfloat16' 2048 7456 1 2048 0) ('cuda' 'torch.bfloat16' 7456 512 512 1 0)],64,32,32,2,0,2,8,0,0.2099519968032837
[('cuda' 'torch.bfloat16' 2048 7456 1 2048 0) ('cuda' 'torch.bfloat16' 7456 512 512 1 0)],64,32,32,2,16,2,8,0,0.15991699695587158
[('cuda' 'torch.bfloat16' 2048 7456 1 2048 0) ('cuda' 'torch.bfloat16' 7456 512 512 1 0)],64,128,32,2,0,2,4,0,0.12198100239038467
[('cuda' 'torch.bfloat16' 2048 7456 1 2048 0) ('cuda' 'torch.bfloat16' 7456 512 512 1 0)],64,128,32,2,16,2,4,0,0.13423900306224823
[('cuda' 'torch.bfloat16' 2048 7456 1 2048 0) ('cuda' 'torch.bfloat16' 7456 512 512 1 0)],64,16,64,2,0,2,4,0,0.20097799599170685
[('cuda' 'torch.bfloat16' 2048 7456 1 2048 0) ('cuda' 'torch.bfloat16' 7456 512 512 1 0)],64,16,64,2,16,2,4,0,0.20855000615119934
[('cuda' 'torch.bfloat16' 2048 7456 1 2048 0) ('cuda' 'torch.bfloat16' 7456 512 512 1 0)],64,32,64,2,0,2,4,0,0.12121900171041489
[('cuda' 'torch.bfloat16' 2048 7456 1 2048 0) ('cuda' 'torch.bfloat16' 7456 512 512 1 0)],64,32,64,2,16,2,4,0,0.13992799818515778
[('cuda' 'torch.bfloat16' 2048 7456 1 2048 0) ('cuda' 'torch.bfloat16' 7456 512 512 1 0)],64,64,64,2,0,2,8,0,0.11296699941158295
[('cuda' 'torch.bfloat16' 2048 7456 1 2048 0) ('cuda' 'torch.bfloat16' 7456 512 512 1 0)],64,64,64,2,16,2,8,0,0.12254100292921066
[('cuda' 'torch.bfloat16' 2048 7456 1 2048 0) ('cuda' 'torch.bfloat16' 7456 512 512 1 0)],64,128,64,2,0,2,4,0,0.09185600280761719
[('cuda' 'torch.bfloat16' 2048 7456 1 2048 0) ('cuda' 'torch.bfloat16' 7456 512 512 1 0)],64,128,64,2,16,2,4,0,0.1158519983291626
[('cuda' 'torch.bfloat16' 2048 7456 1 2048 0) ('cuda' 'torch.bfloat16' 7456 512 512 1 0)],64,32,128,2,0,2,4,0,0.14429299533367157
[('cuda' 'torch.bfloat16' 2048 7456 1 2048 0) ('cuda' 'torch.bfloat16' 7456 512 512 1 0)],64,32,128,2,16,2,4,0,0.17662200331687927
[('cuda' 'torch.bfloat16' 2048 7456 1 2048 0) ('cuda' 'torch.bfloat16' 7456 512 512 1 0)],64,32,128,2,0,2,8,0,0.11412899941205978
[('cuda' 'torch.bfloat16' 2048 7456 1 2048 0) ('cuda' 'torch.bfloat16' 7456 512 512 1 0)],64,32,128,2,16,2,8,0,0.16147999465465546
[('cuda' 'torch.bfloat16' 2048 7456 1 2048 0) ('cuda' 'torch.bfloat16' 7456 512 512 1 0)],64,64,128,2,0,2,4,0,0.127469003200531
[('cuda' 'torch.bfloat16' 2048 7456 1 2048 0) ('cuda' 'torch.bfloat16' 7456 512 512 1 0)],64,64,128,2,16,2,4,0,0.16740800440311432
[('cuda' 'torch.bfloat16' 2048 7456 1 2048 0) ('cuda' 'torch.bfloat16' 7456 512 512 1 0)],64,128,128,2,0,2,4,0,0.13656200468540192
[('cuda' 'torch.bfloat16' 2048 7456 1 2048 0) ('cuda' 'torch.bfloat16' 7456 512 512 1 0)],64,128,128,2,16,2,4,0,0.17417800426483154
[('cuda' 'torch.bfloat16' 2048 7456 1 2048 0) ('cuda' 'torch.bfloat16' 7456 512 512 1 0)],128,32,64,2,0,2,4,0,0.13916699588298798
[('cuda' 'torch.bfloat16' 2048 7456 1 2048 0) ('cuda' 'torch.bfloat16' 7456 512 512 1 0)],128,32,64,2,16,2,4,0,0.16772900521755219
[('cuda' 'torch.bfloat16' 2048 7456 1 2048 0) ('cuda' 'torch.bfloat16' 7456 512 512 1 0)],128,32,64,2,0,2,8,0,0.11625300347805023
[('cuda' 'torch.bfloat16' 2048 7456 1 2048 0) ('cuda' 'torch.bfloat16' 7456 512 512 1 0)],128,32,64,2,16,2,8,0,0.16223999857902527
[('cuda' 'torch.bfloat16' 2048 7456 1 2048 0) ('cuda' 'torch.bfloat16' 7456 512 512 1 0)],128,32,128,2,0,2,8,0,0.1611189991235733
[('cuda' 'torch.bfloat16' 2048 7456 1 2048 0) ('cuda' 'torch.bfloat16' 7456 512 512 1 0)],128,32,128,2,16,2,8,0,0.22521400451660156
[('cuda' 'torch.bfloat16' 2048 7456 1 2048 0) ('cuda' 'torch.bfloat16' 7456 512 512 1 0)],128,32,128,2,0,2,4,0,0.179626002907753
[('cuda' 'torch.bfloat16' 2048 7456 1 2048 0) ('cuda' 'torch.bfloat16' 7456 512 512 1 0)],128,32,128,2,16,2,4,0,0.22593499720096588
[('cuda' 'torch.bfloat16' 2048 7456 1 2048 0) ('cuda' 'torch.bfloat16' 7456 512 512 1 0)],128,64,128,2,0,2,4,0,0.18607600033283234
[('cuda' 'torch.bfloat16' 2048 7456 1 2048 0) ('cuda' 'torch.bfloat16' 7456 512 512 1 0)],128,64,128,2,16,2,4,0,0.23410700261592865
[('cuda' 'torch.bfloat16' 2048 7456 1 2048 0) ('cuda' 'torch.bfloat16' 7456 512 512 1 0)],128,64,128,2,0,2,8,0,0.17221499979496002
[('cuda' 'torch.bfloat16' 2048 7456 1 2048 0) ('cuda' 'torch.bfloat16' 7456 512 512 1 0)],128,64,128,2,16,2,8,0,0.25033101439476013
[('cuda' 'torch.bfloat16' 7456 2048 2048 1 0) ('cuda' 'torch.bfloat16' 2048 512 512 1 0)],32,16,32,2,0,2,2,0,0.21031199395656586
[('cuda' 'torch.bfloat16' 7456 2048 2048 1 0) ('cuda' 'torch.bfloat16' 2048 512 512 1 0)],32,16,32,2,16,2,2,0,0.16224099695682526
[('cuda' 'torch.bfloat16' 7456 2048 2048 1 0) ('cuda' 'torch.bfloat16' 2048 512 512 1 0)],32,128,32,2,0,2,4,0,0.18303099274635315
[('cuda' 'torch.bfloat16' 7456 2048 2048 1 0) ('cuda' 'torch.bfloat16' 2048 512 512 1 0)],32,128,32,2,16,2,4,0,0.10639800131320953
[('cuda' 'torch.bfloat16' 7456 2048 2048 1 0) ('cuda' 'torch.bfloat16' 2048 512 512 1 0)],32,32,64,2,0,2,8,0,0.2777320146560669
[('cuda' 'torch.bfloat16' 7456 2048 2048 1 0) ('cuda' 'torch.bfloat16' 2048 512 512 1 0)],32,32,64,2,16,2,8,0,0.10960199683904648
[('cuda' 'torch.bfloat16' 7456 2048 2048 1 0) ('cuda' 'torch.bfloat16' 2048 512 512 1 0)],64,32,32,2,0,2,8,0,0.17598100006580353
[('cuda' 'torch.bfloat16' 7456 2048 2048 1 0) ('cuda' 'torch.bfloat16' 2048 512 512 1 0)],64,32,32,2,16,2,8,0,0.11300799995660782
[('cuda' 'torch.bfloat16' 7456 2048 2048 1 0) ('cuda' 'torch.bfloat16' 2048 512 512 1 0)],64,128,32,2,0,2,4,0,0.10960300266742706
[('cuda' 'torch.bfloat16' 7456 2048 2048 1 0) ('cuda' 'torch.bfloat16' 2048 512 512 1 0)],64,128,32,2,16,2,4,0,0.08512599766254425
[('cuda' 'torch.bfloat16' 7456 2048 2048 1 0) ('cuda' 'torch.bfloat16' 2048 512 512 1 0)],64,16,64,2,0,2,4,0,0.10275200009346008
[('cuda' 'torch.bfloat16' 7456 2048 2048 1 0) ('cuda' 'torch.bfloat16' 2048 512 512 1 0)],64,16,64,2,16,2,4,0,0.09482000023126602
[('cuda' 'torch.bfloat16' 7456 2048 2048 1 0) ('cuda' 'torch.bfloat16' 2048 512 512 1 0)],64,32,64,2,0,2,4,0,0.07254700362682343
[('cuda' 'torch.bfloat16' 7456 2048 2048 1 0) ('cuda' 'torch.bfloat16' 2048 512 512 1 0)],64,32,64,2,16,2,4,0,0.077394999563694
[('cuda' 'torch.bfloat16' 7456 2048 2048 1 0) ('cuda' 'torch.bfloat16' 2048 512 512 1 0)],64,64,64,2,0,2,8,0,0.10443499684333801
[('cuda' 'torch.bfloat16' 7456 2048 2048 1 0) ('cuda' 'torch.bfloat16' 2048 512 512 1 0)],64,64,64,2,16,2,8,0,0.08007799834012985
[('cuda' 'torch.bfloat16' 7456 2048 2048 1 0) ('cuda' 'torch.bfloat16' 2048 512 512 1 0)],64,128,64,2,0,2,4,0,0.07054399698972702
[('cuda' 'torch.bfloat16' 7456 2048 2048 1 0) ('cuda' 'torch.bfloat16' 2048 512 512 1 0)],64,128,64,2,16,2,4,0,0.07471100240945816
[('cuda' 'torch.bfloat16' 7456 2048 2048 1 0) ('cuda' 'torch.bfloat16' 2048 512 512 1 0)],64,32,128,2,0,2,4,0,0.05768600106239319
[('cuda' 'torch.bfloat16' 7456 2048 2048 1 0) ('cuda' 'torch.bfloat16' 2048 512 512 1 0)],64,32,128,2,16,2,4,0,0.054680999368429184
[('cuda' 'torch.bfloat16' 7456 2048 2048 1 0) ('cuda' 'torch.bfloat16' 2048 512 512 1 0)],64,32,128,2,0,2,8,0,0.06858199834823608
[('cuda' 'torch.bfloat16' 7456 2048 2048 1 0) ('cuda' 'torch.bfloat16' 2048 512 512 1 0)],64,32,128,2,16,2,8,0,0.07214699685573578
[('cuda' 'torch.bfloat16' 7456 2048 2048 1 0) ('cuda' 'torch.bfloat16' 2048 512 512 1 0)],64,64,128,2,0,2,4,0,0.054600998759269714
[('cuda' 'torch.bfloat16' 7456 2048 2048 1 0) ('cuda' 'torch.bfloat16' 2048 512 512 1 0)],64,64,128,2,16,2,4,0,0.05315899848937988
[('cuda' 'torch.bfloat16' 7456 2048 2048 1 0) ('cuda' 'torch.bfloat16' 2048 512 512 1 0)],64,128,128,2,0,2,4,0,0.0723470002412796
[('cuda' 'torch.bfloat16' 7456 2048 2048 1 0) ('cuda' 'torch.bfloat16' 2048 512 512 1 0)],64,128,128,2,16,2,4,0,0.07326900213956833
[('cuda' 'torch.bfloat16' 7456 2048 2048 1 0) ('cuda' 'torch.bfloat16' 2048 512 512 1 0)],128,32,64,2,0,2,4,0,0.059328000992536545
[('cuda' 'torch.bfloat16' 7456 2048 2048 1 0) ('cuda' 'torch.bfloat16' 2048 512 512 1 0)],128,32,64,2,16,2,4,0,0.056042999029159546
[('cuda' 'torch.bfloat16' 7456 2048 2048 1 0) ('cuda' 'torch.bfloat16' 2048 512 512 1 0)],128,32,64,2,0,2,8,0,0.07378900051116943
[('cuda' 'torch.bfloat16' 7456 2048 2048 1 0) ('cuda' 'torch.bfloat16' 2048 512 512 1 0)],128,32,64,2,16,2,8,0,0.07443100214004517
[('cuda' 'torch.bfloat16' 7456 2048 2048 1 0) ('cuda' 'torch.bfloat16' 2048 512 512 1 0)],128,32,128,2,0,2,8,0,0.05764500051736832
[('cuda' 'torch.bfloat16' 7456 2048 2048 1 0) ('cuda' 'torch.bfloat16' 2048 512 512 1 0)],128,32,128,2,16,2,8,0,0.05504100024700165
[('cuda' 'torch.bfloat16' 7456 2048 2048 1 0) ('cuda' 'torch.bfloat16' 2048 512 512 1 0)],128,32,128,2,0,2,4,0,0.061090998351573944
[('cuda' 'torch.bfloat16' 7456 2048 2048 1 0) ('cuda' 'torch.bfloat16' 2048 512 512 1 0)],128,32,128,2,16,2,4,0,0.05696500092744827
[('cuda' 'torch.bfloat16' 7456 2048 2048 1 0) ('cuda' 'torch.bfloat16' 2048 512 512 1 0)],128,64,128,2,0,2,4,0,0.059046998620033264
[('cuda' 'torch.bfloat16' 7456 2048 2048 1 0) ('cuda' 'torch.bfloat16' 2048 512 512 1 0)],128,64,128,2,16,2,4,0,0.056963998824357986
[('cuda' 'torch.bfloat16' 7456 2048 2048 1 0) ('cuda' 'torch.bfloat16' 2048 512 512 1 0)],128,64,128,2,0,2,8,0,0.052997998893260956
[('cuda' 'torch.bfloat16' 7456 2048 2048 1 0) ('cuda' 'torch.bfloat16' 2048 512 512 1 0)],128,64,128,2,16,2,8,0,0.0538799986243248
